id,question
0,Explain in detail how the process of natural selection gradually leads to the development and refinement of increasingly complex biological traits, functions, and adaptive behaviors in various species across diverse environments and ecological conditions.
1,Explain in detail how the process of natural selection gradually leads to the development and refinement of increasingly complex biological traits, functions, and adaptive behaviors in various species across diverse environments and ecological conditions.
2,Explain in detail how the process of natural selection gradually leads to the development and refinement of increasingly complex biological traits, functions, and adaptive behaviors in various species across diverse environments and ecological conditions.
3,Explain in detail how the process of natural selection gradually leads to the development and refinement of increasingly complex biological traits, functions, and adaptive behaviors in various species across diverse environments and ecological conditions.
4,Explain in detail how the process of natural selection gradually leads to the development and refinement of increasingly complex biological traits, functions, and adaptive behaviors in various species across diverse environments and ecological conditions.
5,Explain in detail how the process of natural selection gradually leads to the development and refinement of increasingly complex biological traits, functions, and adaptive behaviors in various species across diverse environments and ecological conditions.
6,Explain in detail how the process of natural selection gradually leads to the development and refinement of increasingly complex biological traits, functions, and adaptive behaviors in various species across diverse environments and ecological conditions.
7,Explain in detail how the process of natural selection gradually leads to the development and refinement of increasingly complex biological traits, functions, and adaptive behaviors in various species across diverse environments and ecological conditions.
8,Explain in detail how the process of natural selection gradually leads to the development and refinement of increasingly complex biological traits, functions, and adaptive behaviors in various species across diverse environments and ecological conditions.
9,Explain in detail how the process of natural selection gradually leads to the development and refinement of increasingly complex biological traits, functions, and adaptive behaviors in various species across diverse environments and ecological conditions.
10,Explain in detail how the process of natural selection gradually leads to the development and refinement of increasingly complex biological traits, functions, and adaptive behaviors in various species across diverse environments and ecological conditions.
11,Explain in detail how the process of natural selection gradually leads to the development and refinement of increasingly complex biological traits, functions, and adaptive behaviors in various species across diverse environments and ecological conditions.
12,Explain in detail how the process of natural selection gradually leads to the development and refinement of increasingly complex biological traits, functions, and adaptive behaviors in various species across diverse environments and ecological conditions.
13,Explain in detail how the process of natural selection gradually leads to the development and refinement of increasingly complex biological traits, functions, and adaptive behaviors in various species across diverse environments and ecological conditions.
14,Explain in detail how the process of natural selection gradually leads to the development and refinement of increasingly complex biological traits, functions, and adaptive behaviors in various species across diverse environments and ecological conditions.
15,Explain in detail how the process of natural selection gradually leads to the development and refinement of increasingly complex biological traits, functions, and adaptive behaviors in various species across diverse environments and ecological conditions.
16,Explain in detail how the process of natural selection gradually leads to the development and refinement of increasingly complex biological traits, functions, and adaptive behaviors in various species across diverse environments and ecological conditions.
17,Explain in detail how the process of natural selection gradually leads to the development and refinement of increasingly complex biological traits, functions, and adaptive behaviors in various species across diverse environments and ecological conditions.
18,Explain in detail how the process of natural selection gradually leads to the development and refinement of increasingly complex biological traits, functions, and adaptive behaviors in various species across diverse environments and ecological conditions.
19,Explain in detail how the process of natural selection gradually leads to the development and refinement of increasingly complex biological traits, functions, and adaptive behaviors in various species across diverse environments and ecological conditions.
20,Explain in detail how the process of natural selection gradually leads to the development and refinement of increasingly complex biological traits, functions, and adaptive behaviors in various species across diverse environments and ecological conditions.
21,Explain in detail how the process of natural selection gradually leads to the development and refinement of increasingly complex biological traits, functions, and adaptive behaviors in various species across diverse environments and ecological conditions.
22,Explain in detail how the process of natural selection gradually leads to the development and refinement of increasingly complex biological traits, functions, and adaptive behaviors in various species across diverse environments and ecological conditions.
23,Explain in detail how the process of natural selection gradually leads to the development and refinement of increasingly complex biological traits, functions, and adaptive behaviors in various species across diverse environments and ecological conditions.
24,Explain in detail how the process of natural selection gradually leads to the development and refinement of increasingly complex biological traits, functions, and adaptive behaviors in various species across diverse environments and ecological conditions.
25,Explain in detail how the process of natural selection gradually leads to the development and refinement of increasingly complex biological traits, functions, and adaptive behaviors in various species across diverse environments and ecological conditions.
26,Explain in detail how the process of natural selection gradually leads to the development and refinement of increasingly complex biological traits, functions, and adaptive behaviors in various species across diverse environments and ecological conditions.
27,Explain in detail how the process of natural selection gradually leads to the development and refinement of increasingly complex biological traits, functions, and adaptive behaviors in various species across diverse environments and ecological conditions.
28,Explain in detail how the process of natural selection gradually leads to the development and refinement of increasingly complex biological traits, functions, and adaptive behaviors in various species across diverse environments and ecological conditions.
29,Explain in detail how the process of natural selection gradually leads to the development and refinement of increasingly complex biological traits, functions, and adaptive behaviors in various species across diverse environments and ecological conditions.